[
    {
        "id": 1,
        "name":" Book 1",
        "price": 200,
        "image": "images/BookList/EmpireOfTheDamned.JPG"
    },
    {
        "id": 2,
        "name": " Book 2",
        "price": 250,
        "image": "images/BookList/FriendsInNapa.JPG"
    },
    {
        "id": 3,
        "name":" Book 3",
        "price": 290,
        "image": "image/3.png"
    },
    {
        "id": 4,
        "name":" Book 4",
        "price": 200,
        "image": "image/4.png"
    },
    {
        "id": 5,
        "name":" Book 5",
        "price": 300,
        "image": "image/5.png"
    },
    {
        "id": 6,
        "name":" Book 6",
        "price": 200,
        "image": "image/6.png"
    },
    {
        "id": 7,
        "name":" Book 7",
        "price": 200,
        "image": "image/7.png"
    },
    {
        "id": 8,
        "name":" Book 8",
        "price": 200,
        "image": "image/8.png"
    }

]